{
  "model_name": "Moirai-small (SFT)",
  "timestamp": "2025-05-28T22:12:20.755830",
  "metrics": {
    "mae": 47.054240893554685,
    "rmse": 47.07299041962369,
    "mape": 34.68688236448996,
    "directional_accuracy": 36.36363636363637
  },
  "config": {
    "context_length": 96,
    "prediction_length": 12,
    "num_epochs": 3,
    "learning_rate": 0.0001,
    "batch_size": 32
  },
  "predictions": [
    185.86004638671875,
    182.70223999023438,
    183.17056274414062,
    182.4789276123047,
    183.49545288085938,
    184.4547119140625,
    181.6558380126953,
    181.1962890625,
    182.52455139160156,
    181.01124572753906,
    182.68162536621094,
    181.27149963378906
  ],
  "actual": [
    136.19,
    135.705,
    135.3411,
    135.645,
    135.46,
    135.55,
    135.681,
    135.655,
    135.52,
    136.05,
    135.63,
    135.425
  ]
}